{
    "model_type": "rnn",
    "epochs": 10,
    "train_losses": [
        5.190244431502016,
        4.443746140809574,
        4.1460776329834195,
        3.967778928746555,
        3.8394793675996652,
        3.7431323894171835,
        3.665482516453841,
        3.60109633104144,
        3.544691369552587,
        3.4988995907151113
    ],
    "final_loss": 3.4988995907151113,
    "config": {
        "model_type": "rnn",
        "src_vocab_size": 5000,
        "tgt_vocab_size": 5000,
        "embed_dim": 256,
        "hidden_dim": 512,
        "num_layers": 2,
        "attn_type": "additive",
        "dropout": 0.3,
        "batch_size": 32,
        "epochs": 10,
        "lr": 0.001,
        "teacher_forcing_ratio": 0.5,
        "src_pad_idx": 0,
        "tgt_pad_idx": 0
    }
}